{
  "pacientes": [
    {
      "rut": "12345678-9",
      "nombres": "Ana María",
      "apellidos": "Gómez López",
      "direccion": "Av. Libertador Bernardo O'Higgins 123",
      "ciudad": "Santiago",
      "telefono": "+56 9 1234 5678",
      "email": "ana.gomez@email.com",
      "fechaNacimiento": "1985-03-15",
      "estadoCivil": "casado",
      "comentarios": "Paciente con control periódico por hipertensión",
      "fechaRegistro": "2024-01-15T10:30:00.000Z",
      "fechaActualizacion": "2024-01-15T10:30:00.000Z"
    },
    {
      "rut": "98765432-1",
      "nombres": "Carlos Alberto",
      "apellidos": "Rodríguez Silva",
      "direccion": "Calle Los Alerces 456",
      "ciudad": "Valparaíso",
      "telefono": "+56 9 8765 4321",
      "email": "carlos.rodriguez@email.com",
      "fechaNacimiento": "1978-07-22",
      "estadoCivil": "soltero",
      "comentarios": "Alergia a penicilina",
      "fechaRegistro": "2024-01-16T14:20:00.000Z",
      "fechaActualizacion": "2024-01-16T14:20:00.000Z"
    },
    {
      "rut": "11222333-4",
      "nombres": "María Fernanda",
      "apellidos": "Martínez Rojas",
      "direccion": "Pasaje Los Olmos 789",
      "ciudad": "Concepción",
      "telefono": "+56 9 5555 6666",
      "email": "maria.martinez@email.com",
      "fechaNacimiento": "1990-11-08",
      "estadoCivil": "soltero",
      "comentarios": "Control embarazo - 24 semanas",
      "fechaRegistro": "2024-01-17T09:15:00.000Z",
      "fechaActualizacion": "2024-01-17T09:15:00.000Z"
    },
    {
      "rut": "44555666-7",
      "nombres": "Juan Pablo",
      "apellidos": "Soto Vargas",
      "direccion": "Av. Las Condes 2345",
      "ciudad": "Santiago",
      "telefono": "+56 9 7777 8888",
      "email": "juan.soto@email.com",
      "fechaNacimiento": "1982-05-30",
      "estadoCivil": "casado",
      "comentarios": "Diabetes tipo 2 - control estable",
      "fechaRegistro": "2024-01-18T11:45:00.000Z",
      "fechaActualizacion": "2024-01-18T11:45:00.000Z"
    },
    {
      "rut": "77888999-K",
      "nombres": "Laura Patricia",
      "apellidos": "Fernández Castro",
      "direccion": "Calle Los Pinos 567",
      "ciudad": "Viña del Mar",
      "telefono": "+56 9 3333 2222",
      "email": "laura.fernandez@email.com",
      "fechaNacimiento": "1975-12-10",
      "estadoCivil": "divorciado",
      "comentarios": "Artritis reumatoide en tratamiento",
      "fechaRegistro": "2024-01-19T16:20:00.000Z",
      "fechaActualizacion": "2024-01-19T16:20:00.000Z"
    },
    {
      "rut": "10111222-3",
      "nombres": "Pedro Antonio",
      "apellidos": "López Mendoza",
      "direccion": "Av. Providencia 890",
      "ciudad": "Santiago",
      "telefono": "+56 9 4444 5555",
      "email": "pedro.lopez@email.com",
      "fechaNacimiento": "1988-09-25",
      "estadoCivil": "union",
      "comentarios": "Deportista - control rutinario",
      "fechaRegistro": "2024-01-20T08:30:00.000Z",
      "fechaActualizacion": "2024-01-20T08:30:00.000Z"
    },
    {
      "rut": "13141516-9",
      "nombres": "Camila Andrea",
      "apellidos": "Díaz Navarro",
      "direccion": "Calle Los Robles 1234",
      "ciudad": "La Serena",
      "telefono": "+56 9 6666 7777",
      "email": "camila.diaz@email.com",
      "fechaNacimiento": "1993-02-14",
      "estadoCivil": "soltero",
      "comentarios": "Migraña crónica",
      "fechaRegistro": "2024-01-21T13:10:00.000Z",
      "fechaActualizacion": "2024-01-21T13:10:00.000Z"
    },
    {
      "rut": "17181920-1",
      "nombres": "Roberto José",
      "apellidos": "Pérez González",
      "direccion": "Av. Alemania 5678",
      "ciudad": "Valdivia",
      "telefono": "+56 9 8888 9999",
      "email": "roberto.perez@email.com",
      "fechaNacimiento": "1970-08-18",
      "estadoCivil": "casado",
      "comentarios": "Post operatorio - recuperación favorable",
      "fechaRegistro": "2024-01-22T15:45:00.000Z",
      "fechaActualizacion": "2024-01-22T15:45:00.000Z"
    },
    {
      "rut": "21222324-5",
      "nombres": "Isabel Cristina",
      "apellidos": "Ramírez Soto",
      "direccion": "Pasaje Los Arrayanes 901",
      "ciudad": "Temuco",
      "telefono": "+56 9 2222 3333",
      "email": "isabel.ramirez@email.com",
      "fechaNacimiento": "1987-04-05",
      "estadoCivil": "soltero",
      "comentarios": "Asma bronquial controlada",
      "fechaRegistro": "2024-01-23T10:20:00.000Z",
      "fechaActualizacion": "2024-01-23T10:20:00.000Z"
    },
    {
      "rut": "25262728-0",
      "nombres": "Miguel Ángel",
      "apellidos": "Torres Herrera",
      "direccion": "Calle Los Laureles 234",
      "ciudad": "Antofagasta",
      "telefono": "+56 9 1111 2222",
      "email": "miguel.torres@email.com",
      "fechaNacimiento": "1980-11-30",
      "estadoCivil": "casado",
      "comentarios": "Hipercolesterolemia en tratamiento",
      "fechaRegistro": "2024-01-24T12:00:00.000Z",
      "fechaActualizacion": "2024-01-24T12:00:00.000Z"
    }
  ]
}